[꿀딜]에스쁘아쿠션전품목50%특가!,8000,16000,38,35
[꿀딜]토니모리76%슈퍼빅세일★,9900,43000,117,9
[롯데리아] 치킨버거 1600원!,1600,2900,10424,9397
[무료배송X쿠폰]스킨푸드10월빅세일50%,5000,10000,268,19
[밀레/엠리밋] 등산 의류&잡화 모음,5000,48000,28,8
[베스트특가] 천연석 지압 슬리퍼 3종,9900,9900,111,57
[빠르면싸다] 꼬꼬빌 빠를수록 싸닭♡,990,990,358,65
[빠르면싸다] 키즈레시피 신상특급세일,1900,1900,81,32
[빠르면싸다]그뤠잇!햇귤실중량5kg,8900,8900,333,119
[빠르면싸다]농심 인기라면 4종,2000,2000,1222,612
[빠르면싸다]젤리스푼 고민중 품절주의,990,5900,271,96
[슈퍼꿀딜] 서울랜드 자유이용권,11900,42000,381,166
[슈퍼꿀딜]쟌슨빌 소시지 2종 56%할인,19900,46000,77,28
[슈퍼특가] SPAO 가을SALE 깜짝찬스♥,990,2900,89,1
[슈퍼특가] 요즘에♥티/팬츠/아우터多,2800,2800,40,8
[슈퍼특가] 특대형★극세사 밍크담요,7900,7900,39,24
[슈퍼특가]스케쳐스外 기능성 내의모음,12900,12900,72,12
[슈퍼특가]페넬로페★바이탈 물티슈,12900,12900,12,11
[슈퍼특가]한정수량 자바라 케이블!!,5900,5900,37,9
[슈퍼특가]홈쇼핑 인지도 1위 오모떼★,1900,1900,33,31
"[오후]10월 단하루,오늘만 20%추가↓",2400,12900,368,274
[즉시할인] 허니 양말/덧신 반값특가!,1500,1300,4208,1739
[천원마트] 236 미네랄워터 2Lx12병,5000,5630,779,246
[천원마트] CJ 햇반 컵반 6종 1만원,10000,11110,178,130
[천원마트]허니버터칩60g 2봉,1000,1780,219,0
[크리스피크림도넛] 오리지널 최대50%,12000,24000,813,19
[클럽클리오]아찔하게10월클럽데이~50%,8000,16000,74,45
[패션위크] 니트/가디건 특가★20%쿠폰,3900,3900,22,13
[패션위크] 데일리샵 이가격 실화냐,3900,3900,211,183
[패션위크] 마이슈♥단4일 추가20%할인,3900,3900,63,13
[패션위크] 사뿐 파격★할인 20%쿠폰▼,20900,20900,224,162
[패션위크] 스포츠브랜드 웨어 10%할인,23220,25800,180,118
[패션위크] 아미 오늘이 마지막,3900,3900,743,242
[패션위크] 첼로걸 풀코디 최대할인20%,15900,15900,932,141
[패션위크][TAG] 가을 필수 112종,5000,5000,216,51
[패션위크]기모롱원피스/롱티外20%쿠폰,1900,1900,83,46
[패션위크]뉴발란스 外 아이템 127종,7900,7900,50,39
[패션위크]반트 전상품 균일가!+쿠폰,9900,48000,138,108
[패션위크]비엘르 가을신상 20%할인!,2610,2900,112,63
[패션위크]비키外 겨울아이템 선점!,9900,58000,124,7
[패션위크]샐리♥10월 첫 서프라이즈!,1900,23000,289,49
[패션위크]쿠폰+즉시할인♥에이와비NEW,3510,3900,67,12
[패션위크]타라디토 내일은없다 20%▼,1900,1900,128,55
[패션위크]탱글엔젤헤어브러쉬+20%쿠폰,6125,6125,72,54
[패션위크]헤어볼륨UP★라벨영뽕빨크림,11900,28000,11,7
떳다그녀 핫해핫해 가을신상♥,6900,6900,716,655
세인트디보스 선착순 한정특가+쿠폰,20600,28600,21,9
아시아나 편도항공권,12900,12900,804,546
에버랜드 할로윈 종일권,37900,39900,419,190
와이파이도시락,4200,4200,82,54
